,Text,Image,Image,Audio
Text,1.0,-0.016448523849248886,0.04018554836511612,-0.00217054892338844
Image,-0.016448523849248886,1.0,0.01663469709455967,0.008192305591975601
Image,0.04018554836511612,0.01663469709455967,1.0000001192092896,0.00239502976064334
Audio,-0.00217054892338844,0.008192305591975601,0.00239502976064334,1.0
