,Text,Image,Image,Audio
Text,1.0,0.6666711460884223,0.8393271949702593,-55.080039282518044
Image,0.6666711460884223,1.0,0.6330149778085307,-55.078264028817806
Image,0.8393271949702593,0.6330149778085307,1.0,-55.07984801963103
Audio,-55.080039282518044,-55.078264028817806,-55.07984801963103,1.0
