,Text,Image,Image,Audio
Text,0.9999998211860657,-0.016449449583888054,0.04030760005116463,-0.002338995354162332
Image,-0.016449449583888054,1.0,0.0166450385004282,0.008191384086672101
Image,0.04030759260058403,0.0166450385004282,1.0,0.0034234176221931076
Audio,-0.0023389953541623288,0.008191384086672101,0.003423417622193111,0.9999999999999999
